unix_time,iso_time,x,y,z,roll_deg,pitch_deg,yaw_deg
1772483400.783685,2026-03-02T20:30:00.783685+00:00,-0.009363457426783708,0.002108851756937929,0.00010852545937485565,-178.07905190194057,72.07393733684418,1.821511590740792
1772483400.784547,2026-03-02T20:30:00.784547+00:00,-0.009476862274786377,0.002142386302843809,9.735190171423567e-05,-178.07876550270916,72.07380635128825,1.8216947702694677
1772483400.7852478,2026-03-02T20:30:00.785248+00:00,-0.009578025440742936,0.002172591594894474,8.801537562603482e-05,-178.0773576224789,72.07378735242582,1.822804515611288
1772483400.7865057,2026-03-02T20:30:00.786506+00:00,-0.009676667209919844,0.002201999443476762,7.988718115167193e-05,-178.07480451774614,72.07410786236777,1.8249442304334351
1772483400.7876587,2026-03-02T20:30:00.787659+00:00,-0.00928951776741407,0.0021169323491712945,0.0001339944080955663,-178.0687408279503,72.07416007429744,1.8310664974406632
1772483400.8275955,2026-03-02T20:30:00.827595+00:00,-0.009621092339853317,0.0022104882090472084,0.00011464902943180177,-178.06310836228565,72.07625411782395,1.8371727825650077
1772483400.8284383,2026-03-02T20:30:00.828438+00:00,-0.009720241461865599,0.002237640959592926,0.00010899715254131897,-178.0627408688377,72.0765392818164,1.8379147972688592
1772483400.829479,2026-03-02T20:30:00.829479+00:00,-0.0098430667212755,0.0022709496894074074,0.0001027386435256635,-178.06207013041302,72.07664880855305,1.8385412046107483
1772483400.830626,2026-03-02T20:30:00.830626+00:00,-0.009289487208968083,0.0021714210495852484,0.00015761180833893335,-178.06437484726027,72.07596876210138,1.836590444795254
1772483400.8312774,2026-03-02T20:30:00.831277+00:00,-0.009626835228071293,0.0022664602774420243,0.0001482347830828523,-178.06394981305868,72.07649951189683,1.8370357453911543
1772483400.8727615,2026-03-02T20:30:00.872761+00:00,-0.009760819008035269,0.0023039562110004123,0.0001453313609077802,-178.06596590533377,72.07615413911878,1.835206044818834
1772483400.873554,2026-03-02T20:30:00.873554+00:00,-0.009856726906595404,0.0023308505934121434,0.00014301554396179032,-178.06659739326147,72.07561326492316,1.8344820983413246
1772483400.8744013,2026-03-02T20:30:00.874401+00:00,-0.009392019772245463,0.0020975891027357396,0.00016042227530222217,-178.06893328340846,72.07626683677263,1.832653145121977
1772483400.875011,2026-03-02T20:30:00.875011+00:00,-0.009736764413274033,0.002189950595996095,0.00014539755332732416,-178.06983024621303,72.075519461343,1.832186527267128
1772483400.8759093,2026-03-02T20:30:00.875909+00:00,-0.009830448233896148,0.0022162684738560017,0.0001390306012669421,-178.0703747661445,72.07560828565236,1.832151383857326
1772483400.876509,2026-03-02T20:30:00.876509+00:00,-0.009938572837797952,0.0022472210750794667,0.0001306995297790843,-178.0713579508204,72.07597185629756,1.831781307262579
1772483400.9168174,2026-03-02T20:30:00.916817+00:00,-0.010047494187263386,0.0022786250011422454,0.00012194511422421202,-178.07179943158917,72.07626355127383,1.8315198975732587
1772483400.9181237,2026-03-02T20:30:00.918124+00:00,-0.008888455432512753,0.0020024554972671244,0.00015270883329939015,-178.0742076711779,72.07367198415506,1.827290767647912
1772483400.9191256,2026-03-02T20:30:00.919126+00:00,-0.009212191376410042,0.0021026398338615817,0.00012114654055587802,-178.07262919185257,72.07447431106168,1.8291504824987117
1772483400.9205625,2026-03-02T20:30:00.920563+00:00,-0.009327637300205057,0.002138687873032856,0.00011211148143515954,-178.07088536473464,72.0748791421417,1.8306614942352815
1772483400.92134,2026-03-02T20:30:00.921340+00:00,-0.009420691645540897,0.002167843240026551,0.00010535015880981335,-178.07104111050705,72.07518885829768,1.8303385220794683
1772483400.924456,2026-03-02T20:30:00.924456+00:00,-0.009538130792578833,0.002204290740361263,9.713658477382218e-05,-178.0722034187547,72.07535192206228,1.8288744609914511
1772483400.9290283,2026-03-02T20:30:00.929028+00:00,-0.009644722331463162,0.002237065425109521,8.994011971097446e-05,-178.0725522540517,72.07513181959523,1.8283259230546762
1772483400.9675152,2026-03-02T20:30:00.967515+00:00,-0.009179193718016324,0.002015485861271689,0.00017738133405230538,-178.06963884654155,72.07478671947646,1.829574796612324
1772483400.9690125,2026-03-02T20:30:00.969012+00:00,-0.009515508189257409,0.00210853711261255,0.00016945510951890224,-178.06987880800747,72.07393879521156,1.8296059463320031
1772483400.970095,2026-03-02T20:30:00.970095+00:00,-0.009651748945889434,0.0021464038824129082,0.00016547212454103884,-178.06974037179387,72.07365712606803,1.8302195625064446
1772483400.970813,2026-03-02T20:30:00.970813+00:00,-0.009792456228511204,0.002185444518744956,0.00016099005219562165,-178.06992918005815,72.07332118626778,1.8305566637566408
1772483400.97134,2026-03-02T20:30:00.971340+00:00,-0.009859936173989687,0.002204238368685319,0.00015867994081716102,-178.0701217116313,72.07349090966873,1.830612146243771
1772483401.0115983,2026-03-02T20:30:01.011598+00:00,-0.009974735979211146,0.0022360418250840916,0.00015457573023151507,-178.07020503650378,72.07370874347068,1.830333363726019
1772483401.0122395,2026-03-02T20:30:01.012239+00:00,-0.008969334357353498,0.0019555494815460166,0.00015854452020997806,-178.0721471953785,72.07274773079362,1.8295084526162781
1772483401.012709,2026-03-02T20:30:01.012709+00:00,-0.009294280727518542,0.0020436014364903,0.0001365875303304916,-178.0725388229201,72.07157167759904,1.8281453134944183
1772483401.01371,2026-03-02T20:30:01.013710+00:00,-0.009375584345814156,0.0020648773059380107,0.00013202243761927491,-178.0727123005674,72.07115654971903,1.8279677438012571
1772483401.0155253,2026-03-02T20:30:01.015525+00:00,-0.009487227912674931,0.0020939518384971816,0.00012638718757283717,-178.07260304780056,72.07066076870474,1.827853664477698
1772483401.025928,2026-03-02T20:30:01.025928+00:00,-0.00965075070431657,0.0021367525924647964,0.00011816987671921742,-178.07145311699765,72.07036623216379,1.8282670403974952
1772483401.0709443,2026-03-02T20:30:01.070944+00:00,-0.009711788317633429,0.002152820716547341,0.0001149072528356452,-178.07084213049217,72.07037737965246,1.8285683048248078
1772483401.0714753,2026-03-02T20:30:01.071475+00:00,-0.009820218881469693,0.002181521857491748,0.0001086534207435594,-178.0702246293136,72.07047300398503,1.8288772054068605
1772483401.0720642,2026-03-02T20:30:01.072064+00:00,-0.009372616754397801,0.002029979559290956,0.00015636587087826447,-178.07129601641057,72.07126819337834,1.8262861047909946
1772483401.072626,2026-03-02T20:30:01.072626+00:00,-0.009741771385347873,0.002127020617750135,0.0001381749645282471,-178.07221478360555,72.0720661086476,1.8257533514449318
1772483401.0731013,2026-03-02T20:30:01.073101+00:00,-0.009159040059851721,0.0020231682843240687,0.00016096082776089672,-178.07080389770528,72.07273762945597,1.8275117834465922
1772483401.0735075,2026-03-02T20:30:01.073508+00:00,-0.009498811579868758,0.0021189836626207283,0.0001384007953505741,-178.07320950742394,72.07425840579864,1.8268669839328635
1772483401.1153414,2026-03-02T20:30:01.115341+00:00,-0.009592914718531647,0.0021450621486094733,0.00013224029270758072,-178.0730059215633,72.07384023179526,1.8274773896088765
1772483401.1173203,2026-03-02T20:30:01.117320+00:00,-0.009700519832419822,0.0021748667095897443,0.00012497453655595272,-178.0721834330671,72.07325771628554,1.8281611603452719
1772483401.118192,2026-03-02T20:30:01.118192+00:00,-0.009821123699461705,0.0022081292942393287,0.00011664292384648485,-178.0715707828739,72.0724109452795,1.828519292336858
1772483401.119871,2026-03-02T20:30:01.119871+00:00,-0.009939866899954812,0.0022405455026329665,0.00010809760491690508,-178.0717818429074,72.0717751096622,1.8283857006907416
1772483401.1209364,2026-03-02T20:30:01.120936+00:00,-0.010035640374940341,0.002266560045531579,0.00010074268540460335,-178.07228209210174,72.0714829949548,1.8281985764087945
1772483401.1244488,2026-03-02T20:30:01.124449+00:00,-0.009103727650809525,0.0020002151483749547,0.0001660027606741334,-178.071654441164,72.07081937397828,1.8287324153325561
1772483401.1268508,2026-03-02T20:30:01.126851+00:00,-0.009443275410548128,0.0020924059022702406,0.00014190463160904096,-178.0715299110325,72.07008860896059,1.8286691875672152
1772483401.1736193,2026-03-02T20:30:01.173619+00:00,-0.00955646111749629,0.0021229220287438647,0.00013283202907964003,-178.0710431579302,72.06992809868945,1.8288337988799162
1772483401.1745834,2026-03-02T20:30:01.174583+00:00,-0.009658099435135525,0.0021501435433003333,0.00012447297007639943,-178.07029495771965,72.07001319778163,1.8295548357644928
1772483401.1753514,2026-03-02T20:30:01.175351+00:00,-0.009126212694250239,0.001990240387543864,0.00016423777276640116,-178.07253384136098,72.07236934974885,1.8266132594084932
1772483401.1762333,2026-03-02T20:30:01.176233+00:00,-0.009508934252371579,0.002098144148751517,0.00013549129232839782,-178.0702147955488,72.07348760562398,1.828180297613334
1772483401.177495,2026-03-02T20:30:01.177495+00:00,-0.00955641382900323,0.002112057614406948,0.00013212077069111328,-178.07004991483586,72.07391379846541,1.8283557919919045
1772483401.2154062,2026-03-02T20:30:01.215406+00:00,-0.009669656097127931,0.0021451189709053996,0.0001245601061186726,-178.0698871134385,72.07428598975235,1.8283328004096835
1772483401.2162502,2026-03-02T20:30:01.216250+00:00,-0.009780007842136205,0.0021772540503396023,0.0001176297247446396,-178.06944574313624,72.07412995759945,1.8284928445322506
1772483401.2170572,2026-03-02T20:30:01.217057+00:00,-0.009906510696145149,0.002213853474631038,0.00010977760585711954,-178.06919016043733,72.07395068776945,1.828811257367271
1772483401.217827,2026-03-02T20:30:01.217827+00:00,-0.010007184724674779,0.002242604727178811,0.00010346461595874535,-178.07009657165216,72.0735857847176,1.8281767533003732
1772483401.2190802,2026-03-02T20:30:01.219080+00:00,-0.010112265495190259,0.00227237231033135,9.660893190900773e-05,-178.07133423180315,72.0731090457605,1.8270612958022692
1772483401.2594893,2026-03-02T20:30:01.259489+00:00,-0.009274223120787158,0.0019406876417485406,0.0001790177429833127,-178.07242713411054,72.07322569600205,1.827277331135684
1772483401.2605102,2026-03-02T20:30:01.260510+00:00,-0.00962646671827743,0.0020330452587981078,0.0001607788547247282,-178.07502041104178,72.07186871088776,1.8247868234371523
1772483401.2617188,2026-03-02T20:30:01.261719+00:00,-0.009742668290329397,0.0020638173640927493,0.00015365424558007288,-178.07498710910332,72.0718286166452,1.8244820120493663
1772483401.2628114,2026-03-02T20:30:01.262811+00:00,-0.00985978263931493,0.002094871899106743,0.00014616340756461326,-178.0745530407062,72.0719696848614,1.8245547377663882
1772483401.2642894,2026-03-02T20:30:01.264289+00:00,-0.009186381518343311,0.0019256203726367377,0.00016757835789221935,-178.07571301382947,72.07166193953304,1.8241165536638162
1772483401.3033807,2026-03-02T20:30:01.303381+00:00,-0.009571157840415343,0.002030258242433922,0.00013771463090121662,-178.07700049369214,72.07197017182195,1.822500158703207
1772483401.3039427,2026-03-02T20:30:01.303943+00:00,-0.00962713596853945,0.002045378006781617,0.00013295313991722323,-178.07726663337823,72.07213652169932,1.8221850201683696
1772483401.3045118,2026-03-02T20:30:01.304512+00:00,-0.009740767175435714,0.002075812483933487,0.00012304096415573625,-178.07751547778153,72.07220438879003,1.8221276658389967
1772483401.3052635,2026-03-02T20:30:01.305264+00:00,-0.009209585761681236,0.0019534143845984296,0.00017662923868896064,-178.07388902470112,72.07391806536975,1.8253974143349396
1772483401.3060796,2026-03-02T20:30:01.306080+00:00,-0.00955198932469735,0.00204480749479957,0.0001535390300979803,-178.0734980516117,72.07442784282543,1.8265647731697379
1772483401.3066883,2026-03-02T20:30:01.306688+00:00,-0.009671914379175568,0.002077307266252921,0.00014563312881263929,-178.07365502623904,72.07461381913836,1.8267737300608786
1772483401.3581803,2026-03-02T20:30:01.358180+00:00,-0.009773374933259481,0.0021050439811415808,0.0001390814570981527,-178.07369611301044,72.07470545009383,1.826943202097021
1772483401.3589091,2026-03-02T20:30:01.358909+00:00,-0.009888623333218941,0.0021373240536802147,0.00013151583672966097,-178.07366435573795,72.07484686117377,1.8271398890890664
1772483401.3740587,2026-03-02T20:30:01.374059+00:00,-0.009997715870402034,0.0021687258566320433,0.00012426026470900686,-178.07491037538372,72.07484910005533,1.8263932745654519
1772483401.3748662,2026-03-02T20:30:01.374866+00:00,-0.010108693766943231,0.00220105529773501,0.00011695626845149997,-178.0774291493304,72.07482387163037,1.8248110284032593
1772483401.3756661,2026-03-02T20:30:01.375666+00:00,-0.010239793590006577,0.0022390006392160834,0.00010828884750514488,-178.0790411068755,72.0750398685859,1.823931871691223
1772483401.3770912,2026-03-02T20:30:01.377091+00:00,-0.01033206853382057,0.0022654132270264245,0.00010213343574227506,-178.0790264202392,72.07536667483289,1.8240160843705449
1772483401.38421,2026-03-02T20:30:01.384210+00:00,-0.010515423420313237,0.002318122167744071,8.950989086798814e-05,-178.0784105676755,72.07517150952597,1.8244838398634449
1772483401.3855088,2026-03-02T20:30:01.385509+00:00,-0.010556040237543073,0.0023298960517403747,8.663222946916465e-05,-178.07822375499063,72.07493976620765,1.8246543702783127
1772483401.3884964,2026-03-02T20:30:01.388496+00:00,-0.010664516316813902,0.0023614391794402525,7.906888760354628e-05,-178.07743699419717,72.07492520859802,1.8255251820673652
1772483401.43735,2026-03-02T20:30:01.437350+00:00,-0.009662896717037048,0.002132499405193003,0.00015622505311580778,-178.07737884795336,72.07362623217803,1.8251832992186041
1772483401.4415882,2026-03-02T20:30:01.441588+00:00,-0.009992890145590088,0.0022303398155206445,0.00013846375613001054,-178.07731762468188,72.07443285726669,1.8257804550964796
1772483401.4423628,2026-03-02T20:30:01.442363+00:00,-0.01009967472366981,0.00226221826081965,0.00013281146153253199,-178.07758625323393,72.07446217807278,1.825726778572199
1772483401.452308,2026-03-02T20:30:01.452308+00:00,-0.009504319600575404,0.0020435711278306095,0.00016064504274387772,-178.07360251202138,72.07414902401014,1.8274517207695384
1772483401.453674,2026-03-02T20:30:01.453674+00:00,-0.009847052360630977,0.0021369836855457108,0.00014003239159679316,-178.07460126501317,72.07340623892496,1.8273369934044683
1772483401.4584596,2026-03-02T20:30:01.458460+00:00,-0.009948242672141285,0.0021645451067160747,0.00013275180090020164,-178.0751888871456,72.07353731650264,1.8270783135421584
1772483401.4713936,2026-03-02T20:30:01.471394+00:00,-0.010054356170837735,0.0021939291429996935,0.0001245272311846252,-178.07508117869537,72.07370604912111,1.8272709335481874
1772483401.4927797,2026-03-02T20:30:01.492780+00:00,-0.01016896590587199,0.002226227004390204,0.00011531402023570084,-178.0744064256289,72.07353644874775,1.8280661342321187
1772483401.4934273,2026-03-02T20:30:01.493427+00:00,-0.01027038853468568,0.0022549872717091608,0.00010710169792084731,-178.07364237907586,72.07335226995242,1.8287664090915998
1772483401.4987864,2026-03-02T20:30:01.498786+00:00,-0.009334072627896246,0.0020359825949638134,0.00016451293366292907,-178.07290972841432,72.07239961566223,1.8275941329657157
1772483401.4998448,2026-03-02T20:30:01.499845+00:00,-0.009661716286246357,0.0021293375989951315,0.0001382380879382742,-178.0705281016022,72.07209078873476,1.829302765612749
1772483401.5004714,2026-03-02T20:30:01.500471+00:00,-0.009780060796845739,0.002163900473625704,0.00012851163045540434,-178.07117455439885,72.07267378614192,1.8284222657840374
1772483401.5013552,2026-03-02T20:30:01.501355+00:00,-0.009900302657095093,0.0021990559364353118,0.00011905397467563804,-178.07187708739585,72.07322837437586,1.8275205702478343
1772483401.509387,2026-03-02T20:30:01.509387+00:00,-0.010018339557981737,0.0022329527421488483,0.00011023820381250791,-178.07176216181801,72.07349428079822,1.8272364988630299
1772483401.5105367,2026-03-02T20:30:01.510537+00:00,-0.010106692456577993,0.0022578808404188156,0.00010370927665508051,-178.07067540504585,72.07365579386769,1.827772928342407
1772483401.5491786,2026-03-02T20:30:01.549179+00:00,-0.010218665649196594,0.0022891673544790294,9.538708730342187e-05,-178.06949846103944,72.07411664887653,1.8283599115516167
1772483401.5505202,2026-03-02T20:30:01.550520+00:00,-0.010360927624601848,0.0023289348566875975,8.441899193267415e-05,-178.06902007074117,72.07494345049037,1.8283774989854307
1772483401.5513086,2026-03-02T20:30:01.551309+00:00,-0.009830474451906459,0.002192188587602555,0.00015725047388715445,-178.06782406617674,72.0746614827191,1.8284779127187754
1772483401.5525537,2026-03-02T20:30:01.552554+00:00,-0.010146975422840286,0.0022801186152948206,0.00013934669435469577,-178.06693953898562,72.07598129222137,1.8287685140708279
1772483401.553599,2026-03-02T20:30:01.553599+00:00,-0.01025121693930662,0.0023095194071936116,0.00013218906222725937,-178.06715165650186,72.07618365484652,1.8284027550251636
1772483401.5943818,2026-03-02T20:30:01.594382+00:00,-0.010472269986017725,0.002372543999209286,0.00011356096990548903,-178.06714779745582,72.07692272103164,1.827162639916575
1772483401.5955398,2026-03-02T20:30:01.595540+00:00,-0.010515695472778577,0.0023850178885129786,0.00010924023600620471,-178.06720107021582,72.07695085701829,1.826998443369527
1772483401.5960526,2026-03-02T20:30:01.596053+00:00,-0.009477946465154792,0.0020515989700467456,0.00016575911794157843,-178.06925602064524,72.07556279409037,1.8274938435418075
1772483401.596429,2026-03-02T20:30:01.596429+00:00,-0.009781334430468018,0.0021358980762995637,0.0001342954324984199,-178.06906934884145,72.07603425909811,1.8273428557725098
1772483401.5969324,2026-03-02T20:30:01.596932+00:00,-0.009892476852798466,0.0021657937174483417,0.00012166383002105265,-178.06846476652765,72.07673893640977,1.828100841169993
1772483401.6352148,2026-03-02T20:30:01.635215+00:00,-0.010015139171464809,0.002198496689018171,0.0001077810733717314,-178.06718109859895,72.07725944604373,1.8294531685004822
1772483401.6359642,2026-03-02T20:30:01.635964+00:00,-0.010110004820676277,0.0022238080382719315,9.746480563951793e-05,-178.06641415798404,72.07769560468968,1.8303978433430994
1772483401.6367843,2026-03-02T20:30:01.636784+00:00,-0.010211468317590967,0.002251083860491919,8.723624781256912e-05,-178.06588461093244,72.07809505583582,1.831175391599491
1772483401.6378272,2026-03-02T20:30:01.637827+00:00,-0.009234682325849144,0.0019688804612840384,0.00019606753704915367,-178.06950959831133,72.07419041289486,1.8310635076691815
1772483401.6385503,2026-03-02T20:30:01.638550+00:00,-0.00957887843452352,0.0020599076667735024,0.00018347618250249043,-178.06866628667237,72.07553406524376,1.8325784439725308
1772483401.6392157,2026-03-02T20:30:01.639216+00:00,-0.009693459399978177,0.002090477676143782,0.0001810569754271915,-178.06948331077103,72.07571020618911,1.831839295917141
1772483401.6795752,2026-03-02T20:30:01.679575+00:00,-0.009811746373409697,0.0021220759515315343,0.0001790181267982966,-178.0705727476571,72.0760414489898,1.8308559672844122
1772483401.6805358,2026-03-02T20:30:01.680536+00:00,-0.009931993584003986,0.0021540738147179804,0.00017699723166413384,-178.07112245507528,72.07610836685237,1.8304412281412132
1772483401.6812577,2026-03-02T20:30:01.681258+00:00,-0.010047496735071803,0.002184670835904759,0.00017492843676028482,-178.07096855143283,72.0756681189906,1.83068363080383
1772483401.6824303,2026-03-02T20:30:01.682430+00:00,-0.010172450301333099,0.0022177539047954073,0.00017237110108512705,-178.0701816994074,72.07507113334657,1.8316779936092138
1772483401.6833045,2026-03-02T20:30:01.683305+00:00,-0.008983933915297447,0.0019175592287015706,0.00019628580670390402,-178.0745427744153,72.07247973191798,1.8252941942454328
1772483401.6899922,2026-03-02T20:30:01.689992+00:00,-0.009348324869506687,0.0020163144317609173,0.00017494165915030136,-178.07225356585548,72.0713904590667,1.827192101312163
1772483401.6914237,2026-03-02T20:30:01.691424+00:00,-0.009454731604322222,0.002044948200877962,0.00016728151826120676,-178.0723545003831,72.07107695493822,1.8267709293739427
1772483401.7351992,2026-03-02T20:30:01.735199+00:00,-0.009570537200732575,0.002075989221597764,0.0001582485664106192,-178.0730198234692,72.07080968392609,1.8260765637433765
1772483401.7360315,2026-03-02T20:30:01.736032+00:00,-0.009696938634871428,0.002109849096260955,0.00014796023823213108,-178.07325952120473,72.07107642463014,1.826301375113177
1772483401.7368736,2026-03-02T20:30:01.736874+00:00,-0.009859984871632746,0.002153171393477647,0.0001350113090237656,-178.07313350103698,72.07141645623001,1.8271065542006077
1772483401.7377553,2026-03-02T20:30:01.737755+00:00,-0.009910905552629913,0.0021665811579281618,0.00013111728750047572,-178.07286998800686,72.0714567834341,1.8273510242437405
1772483401.7387822,2026-03-02T20:30:01.738782+00:00,-0.010014138408366475,0.0021936945377182726,0.00012326900339798403,-178.07241744382583,72.07174072055012,1.8277606803086581
1772483401.7795055,2026-03-02T20:30:01.779505+00:00,-0.010133612016126425,0.002225100032517743,0.00011446025002654307,-178.07231528649044,72.07188097258002,1.8277099530532877
1772483401.7806883,2026-03-02T20:30:01.780688+00:00,-0.01024851260785177,0.002255287201143819,0.00010652090810271838,-178.07206256866328,72.07164018485186,1.8278628069058545
1772483401.78169,2026-03-02T20:30:01.781690+00:00,-0.009293215199793144,0.0020013504959202205,0.00018660518934189433,-178.0719718303994,72.07350267862908,1.8283986175730873
1772483401.7826707,2026-03-02T20:30:01.782671+00:00,-0.009569197185117494,0.002074472803453926,0.00017715956268404113,-178.07063312623526,72.07287184400464,1.8301924499812157
1772483401.787797,2026-03-02T20:30:01.787797+00:00,-0.009691626397385933,0.002106432678868581,0.00017383159342685954,-178.07124039887475,72.07234496225941,1.829810042580499
1772483401.7896373,2026-03-02T20:30:01.789637+00:00,-0.009776945353410752,0.0021285973787045346,0.00017136282048315973,-178.07199756851813,72.07165361250907,1.8294211967712144
1772483401.8319073,2026-03-02T20:30:01.831907+00:00,-0.009943294117156994,0.002172011210798426,0.00016529078393483844,-178.07301569521516,72.07046756097539,1.8290292495215859
1772483401.832701,2026-03-02T20:30:01.832701+00:00,-0.010007061289903314,0.0021888859417264032,0.00016256398394297797,-178.0732327096631,72.07007302998957,1.8290180591569452
1772483401.8335211,2026-03-02T20:30:01.833521+00:00,-0.010122978590356586,0.002220327905936181,0.0001573149551485056,-178.07270158665773,72.06978886875106,1.8300109594692846
1772483401.8343606,2026-03-02T20:30:01.834361+00:00,-0.00915515974707203,0.0019826485081843475,0.00018942844306728967,-178.07529864423753,72.06958145062747,1.825581102770823
1772483401.8755586,2026-03-02T20:30:01.875559+00:00,-0.009550080155566026,0.002097729787168937,0.00015983163780690853,-178.07397226615885,72.06959932283935,1.828449417917905
1772483401.8762603,2026-03-02T20:30:01.876260+00:00,-0.009642298420207229,0.002125228327605049,0.00015144830534568777,-178.0749358564984,72.06974930623983,1.82725216850848
1772483401.8768594,2026-03-02T20:30:01.876859+00:00,-0.009748681072529604,0.0021566445307575283,0.00014145487264790788,-178.07620322311138,72.07016597212908,1.825670637694315
1772483401.877484,2026-03-02T20:30:01.877484+00:00,-0.009831391160878543,0.0021808313123835624,0.0001337381427780285,-178.07700577695718,72.07035255839035,1.8247738709414028
1772483401.8861492,2026-03-02T20:30:01.886149+00:00,-0.009946633798282709,0.002214353932059984,0.00012341643960408024,-178.07807508848728,72.07027449445151,1.8237325045625206
1772483401.8871076,2026-03-02T20:30:01.887108+00:00,-0.009345869234025781,0.002055787620644265,0.00017175876645829166,-178.07464477664485,72.07319715174162,1.825551988901315
1772483401.8879576,2026-03-02T20:30:01.887958+00:00,-0.00968226940664784,0.0021544059561477277,0.00014675049861704987,-178.07456567457086,72.07351942091051,1.8252046081495266
1772483401.91935,2026-03-02T20:30:01.919350+00:00,-0.009786427019917577,0.0021853977664528655,0.00013989671183158007,-178.07450805695845,72.07368144921243,1.8250515862370482
1772483401.9202552,2026-03-02T20:30:01.920255+00:00,-0.009900896776943275,0.002219439369704917,0.00013271636401347746,-178.07463535797422,72.07385907068016,1.8247637897840112
1772483401.9216664,2026-03-02T20:30:01.921666+00:00,-0.010019076719118492,0.002254146477819999,0.00012514699971991403,-178.07464416941954,72.07403815591812,1.8247174255396095
1772483401.922928,2026-03-02T20:30:01.922928+00:00,-0.010141065565855197,0.002289365194932722,0.00011669218095784119,-178.07398826708237,72.07401950182545,1.8252860504772312
1772483401.924751,2026-03-02T20:30:01.924751+00:00,-0.010247314588664668,0.002319601231731181,0.00010864627819198678,-178.0737143657173,72.07383442672392,1.8255406521528663
1772483401.926669,2026-03-02T20:30:01.926669+00:00,-0.01035241673409096,0.002349256947865082,9.988011854706596e-05,-178.07413213797753,72.07331517086104,1.825425317622707
1772483401.9350245,2026-03-02T20:30:01.935024+00:00,-0.009400064193802488,0.002030955923410625,0.0001925231785822691,-178.0709736195409,72.072970045653,1.8270985080043234
1772483401.9808912,2026-03-02T20:30:01.980891+00:00,-0.009716860367397842,0.0021131060582751395,0.0001697384903683136,-178.06928887735037,72.0717036661793,1.8292768880406975
1772483401.983124,2026-03-02T20:30:01.983124+00:00,-0.009861851736667192,0.002150855268347143,0.00015835269392350788,-178.06873268176253,72.07167564224679,1.830537940299343
1772483401.983799,2026-03-02T20:30:01.983799+00:00,-0.00996355145660084,0.0021776834075095198,0.00015041281025704703,-178.06897278140028,72.07198556438864,1.83072706356353
1772483401.984853,2026-03-02T20:30:01.984853+00:00,-0.01006097623927144,0.0022035867407320213,0.0001427790675547941,-178.0696324651579,72.0725062960844,1.8302297832310455
1772483401.9861152,2026-03-02T20:30:01.986115+00:00,-0.010175876028325774,0.002234277354282555,0.00013357659555985243,-178.07043382909785,72.07290215305596,1.8296189215851169
1772483402.0229683,2026-03-02T20:30:02.022968+00:00,-0.010301757741798985,0.0022680359755357714,0.0001232202311609151,-178.07030937904062,72.07361053596559,1.8294991037370776
1772483402.024123,2026-03-02T20:30:02.024123+00:00,-0.010417623499620806,0.002299022540782373,0.00011337617242082949,-178.06911501927186,72.07414121857232,1.830331163576813
1772483402.0250406,2026-03-02T20:30:02.025041+00:00,-0.009362447521312703,0.0020379874982490716,0.0001894479777034096,-178.07153589207303,72.07411589097218,1.8287723280258636
1772483402.0256765,2026-03-02T20:30:02.025676+00:00,-0.00969978104907141,0.0021324761276878515,0.0001664392272677538,-178.06877744662,72.0750830635968,1.8308255942591505
1772483402.026433,2026-03-02T20:30:02.026433+00:00,-0.009840062543305305,0.00217087594232665,0.00015543476155715832,-178.06992172197306,72.07503483862136,1.8297200798976665
1772483402.0674675,2026-03-02T20:30:02.067467+00:00,-0.009941931792500417,0.0021985254452056647,0.00014710208248494276,-178.07101505997122,72.07467553488044,1.8287782099424383
1772483402.0681515,2026-03-02T20:30:02.068151+00:00,-0.010047930605458551,0.0022273453288127742,0.00013839900401970602,-178.07158456994242,72.07463122896034,1.828715570117321
1772483402.068884,2026-03-02T20:30:02.068884+00:00,-0.010156479323944416,0.0022569032645507496,0.00012948985050533144,-178.07138634636894,72.07454292370957,1.8294368386993303
1772483402.0696435,2026-03-02T20:30:02.069643+00:00,-0.010275109397337024,0.0022891776360282013,0.00011950600459255411,-178.0716485497202,72.07423252788365,1.828843992042904
1772483402.07059,2026-03-02T20:30:02.070590+00:00,-0.009270603032304842,0.001981072608023803,0.00019348965448050018,-178.07387219174174,72.07226972576969,1.8258061558035028
1772483402.1111894,2026-03-02T20:30:02.111189+00:00,-0.009580651402455006,0.0020627719800998664,0.00017107631985243183,-178.0749172859328,72.07121289632929,1.8236985951770082
1772483402.112063,2026-03-02T20:30:02.112063+00:00,-0.009695849589812924,0.00209276065608835,0.0001626293759338083,-178.0754284595997,72.07079563492587,1.823587674683144
1772483402.1128325,2026-03-02T20:30:02.112833+00:00,-0.009817450867903433,0.00212429826841505,0.00015391609361757507,-178.07683929198222,72.0708299177123,1.8226374633798141
1772483402.1134756,2026-03-02T20:30:02.113476+00:00,-0.009930984689267515,0.0021536540359822715,0.0001457227826894508,-178.07742820356916,72.07114933023536,1.8221344250180058
1772483402.1146436,2026-03-02T20:30:02.114644+00:00,-0.009258015652632769,0.0020096875407853505,0.00020164872071648857,-178.07509318488545,72.07119973783037,1.8241814020664273
1772483402.1234684,2026-03-02T20:30:02.123468+00:00,-0.009587145614552334,0.0020970057165369724,0.0001824926001910748,-178.07440573954702,72.0709767948809,1.8251398522166145
1772483402.1554925,2026-03-02T20:30:02.155493+00:00,-0.009704609682640098,0.0021278949456395697,0.00017561765179624277,-178.0728497113079,72.07029646626063,1.8267364958702004
1772483402.1561716,2026-03-02T20:30:02.156172+00:00,-0.009821928186640834,0.0021591171475524515,0.0001685838690921852,-178.07080760834538,72.06950105541186,1.828563828460224
1772483402.1568708,2026-03-02T20:30:02.156871+00:00,-0.00995280772537069,0.0021944092904581406,0.00016001664501591416,-178.06888450632266,72.06904401715688,1.8302301943598036
1772483402.1575177,2026-03-02T20:30:02.157518+00:00,-0.00932494428965452,0.0020359763754824495,0.00020525003569864833,-178.07018778835462,72.07103575229758,1.8294020363349448
1772483402.1580963,2026-03-02T20:30:02.158096+00:00,-0.00971041041830949,0.002143923956907358,0.00018198111875601737,-178.06692840330365,72.07040468524137,1.8323002187945865
1772483402.1594882,2026-03-02T20:30:02.159488+00:00,-0.009788655176528972,0.002166501256718246,0.00017723258899497355,-178.06774656051695,72.07037911469058,1.8315201562953012
1772483402.1651087,2026-03-02T20:30:02.165109+00:00,-0.009899258096415852,0.0021984432594864788,0.00017059897465064293,-178.0683091828917,72.07033353415771,1.8313385713134414
1772483402.2069967,2026-03-02T20:30:02.206997+00:00,-0.010019250845998959,0.0022326590991414976,0.0001639631021485937,-178.0673630016552,72.0704584767753,1.832776107342355
1772483402.207618,2026-03-02T20:30:02.207618+00:00,-0.010135328199302289,0.002264967718110472,0.00015807868915708638,-178.06633986028592,72.07061696413487,1.8340462312718726
1772483402.2081609,2026-03-02T20:30:02.208161+00:00,-0.009281788927364474,0.0019932559849999546,0.000210808957328876,-178.07085742170827,72.07256389670519,1.8282475829199907
1772483402.2086787,2026-03-02T20:30:02.208679+00:00,-0.009640322514840727,0.002090173930959689,0.00019510101034159858,-178.07149137907408,72.0719906913014,1.827354180806822
1772483402.2091517,2026-03-02T20:30:02.209152+00:00,-0.009743682852674568,0.002116809121297112,0.00019014125114937726,-178.07274302611256,72.07193042712075,1.8259008079643733
1772483402.2535892,2026-03-02T20:30:02.253589+00:00,-0.009895586756996642,0.002155592937503611,0.00018212814892923536,-178.07413567279897,72.07168548733992,1.824843446563741
1772483402.2554896,2026-03-02T20:30:02.255490+00:00,-0.01002697976199548,0.002189438392323387,0.0001745334940259447,-178.07501720370334,72.07134617837396,1.8240491172998934
1772483402.2564063,2026-03-02T20:30:02.256406+00:00,-0.010088549129759409,0.0022054596246853793,0.00017084155266819932,-178.07509532406027,72.07116600081719,1.8238018506193976
1772483402.2587383,2026-03-02T20:30:02.258738+00:00,-0.010201744100677618,0.002235002577520623,0.0001638246546082005,-178.0749551670225,72.07097337023892,1.8239492881477806
1772483402.2640505,2026-03-02T20:30:02.264050+00:00,-0.010316525162971837,0.002264948398434493,0.0001563113759684344,-178.07526476790227,72.07099733504896,1.8241221408287684
1772483402.2956092,2026-03-02T20:30:02.295609+00:00,-0.01050126533460488,0.0023132499547267003,0.00014321481143323477,-178.07695101567438,72.07116598817859,1.823085747008016
1772483402.296214,2026-03-02T20:30:02.296214+00:00,-0.010546309094540272,0.0023250682353824596,0.00013980025547838032,-178.07736283707433,72.07120787352018,1.8227422451785984
1772483402.2967532,2026-03-02T20:30:02.296753+00:00,-0.010663800305433275,0.0023560140569687227,0.00013071261036726674,-178.07807466846026,72.07112750639403,1.8223051640078993
1772483402.2972212,2026-03-02T20:30:02.297221+00:00,-0.009584427067641647,0.0020319890946053536,0.0001788689749545565,-178.0796726151143,72.07212954264122,1.8195198466356666
1772483402.2975924,2026-03-02T20:30:02.297592+00:00,-0.009925144145030136,0.0021263948097893334,0.000151716956434268,-178.07792724364592,72.07217715750332,1.8222039763029902
1772483402.3421888,2026-03-02T20:30:02.342189+00:00,-0.010081808472078351,0.002172056274088383,0.0001402734955642963,-178.07596887033188,72.07290445532516,1.8239953427410667
1772483402.3532538,2026-03-02T20:30:02.353254+00:00,-0.009516618098474792,0.0020917998641566482,0.00019540880911855956,-178.07343737835427,72.07294548802196,1.826886674969882
1772483402.3545268,2026-03-02T20:30:02.354527+00:00,-0.009864222518791632,0.002196799858422083,0.00017529655423514183,-178.0722744121526,72.07339608780566,1.827324385751032
1772483402.3568547,2026-03-02T20:30:02.356855+00:00,-0.00998755563124855,0.0022352929635743564,0.00016822505559508513,-178.07164188265872,72.0736149411766,1.8277838079919937
1772483402.3728185,2026-03-02T20:30:02.372818+00:00,-0.010099515023747526,0.0022705566763926576,0.00016190313052239386,-178.07024579970673,72.07405142374974,1.8290281312224985
1772483402.38896,2026-03-02T20:30:02.388960+00:00,-0.010210917401303267,0.0023054676482395673,0.00015559050252646352,-178.06986611126607,72.07449276823402,1.8293532004938002
1772483402.3946562,2026-03-02T20:30:02.394656+00:00,-0.010347449553264929,0.00234769866802643,0.00014765269989783648,-178.0700072067625,72.07465219561583,1.8292933559865854
1772483402.3969753,2026-03-02T20:30:02.396975+00:00,-0.010449363277737963,0.002378863958794745,0.00014143982685714326,-178.06980917017904,72.0742631289025,1.8295009100179345
1772483402.4074404,2026-03-02T20:30:02.407440+00:00,-0.010565026539340558,0.002414053323571495,0.00013400625095503593,-178.06923101195105,72.07378644066789,1.829732222010909
1772483402.4095693,2026-03-02T20:30:02.409569+00:00,-0.00955070851436877,0.0020675868103079012,0.0002033974499308888,-178.06932379435182,72.07392663804961,1.8274399817605906
1772483402.4108138,2026-03-02T20:30:02.410814+00:00,-0.009884836188294336,0.002159892897068792,0.00018334119508144902,-178.0691234307057,72.07297206387261,1.826603801967646
1772483402.4606123,2026-03-02T20:30:02.460612+00:00,-0.010006005814631659,0.0021924605600907197,0.00017497401030594262,-178.06947191438013,72.07281051439821,1.8265154419079228
1772483402.4630752,2026-03-02T20:30:02.463075+00:00,-0.010114011093420387,0.0022210635762961194,0.00016695386637835262,-178.06912837797725,72.07296945374775,1.8268023551419235
1772483402.4637027,2026-03-02T20:30:02.463703+00:00,-0.010224067997614958,0.0022498380428465628,0.00015835797297460196,-178.06887705030212,72.07320340003803,1.8269905155665283
1772483402.4647398,2026-03-02T20:30:02.464740+00:00,-0.009584870356356159,0.002001340592572084,0.000189666590315519,-178.07029919214534,72.07255066789297,1.8268600381355855
1772483402.4705496,2026-03-02T20:30:02.470550+00:00,-0.009995477398043497,0.0021025448814861922,0.00015501538084757688,-178.06705359644735,72.07434368759716,1.8298278917030697
1772483402.49147,2026-03-02T20:30:02.491470+00:00,-0.010043644460005535,0.0021153466070413483,0.00015063299562807642,-178.06634628192714,72.0744605250469,1.830486584996884
1772483402.4925768,2026-03-02T20:30:02.492577+00:00,-0.010164791950512115,0.00214776621109356,0.00013969358030451476,-178.0650590126082,72.0743128877912,1.832090500112401
1772483402.493284,2026-03-02T20:30:02.493284+00:00,-0.010264095123368965,0.0021743458834771945,0.00013112997225257433,-178.06383494350987,72.07425570148095,1.8336156915767041
1772483402.4980378,2026-03-02T20:30:02.498038+00:00,-0.010392597483793986,0.0022086320742593624,0.00012108852400693291,-178.06210031046618,72.0741415613782,1.835436918788497
1772483402.4989014,2026-03-02T20:30:02.498901+00:00,-0.010480614842490936,0.0022321765197131772,0.0001148493709114466,-178.06169604959112,72.07404678572107,1.8355597241319836
1772483402.5003054,2026-03-02T20:30:02.500305+00:00,-0.010592241611626245,0.00226251359509814,0.00010739830513461887,-178.06199739651942,72.0736100574773,1.8349758988844285
1772483402.505051,2026-03-02T20:30:02.505051+00:00,-0.009534018514344536,0.002045911453287847,0.00020187965761826537,-178.06338100156356,72.07487171930151,1.8348788227447583
1772483402.506117,2026-03-02T20:30:02.506117+00:00,-0.00990134790049821,0.0021583022919049147,0.00018883647762806745,-178.06279886051067,72.07406933144372,1.8348579818365498
1772483402.5138712,2026-03-02T20:30:02.513871+00:00,-0.009983413836274378,0.0021836015789442947,0.00018640369174962744,-178.06357669024942,72.0739403292477,1.8338445762195101
1772483402.5158758,2026-03-02T20:30:02.515876+00:00,-0.010106090876930963,0.0022214172905944043,0.0001817681931830522,-178.06511042773136,72.07370822949005,1.8321899025179473
1772483402.551126,2026-03-02T20:30:02.551126+00:00,-0.010212228018202145,0.00225495472655601,0.00017622235394548533,-178.06549827380337,72.07363310837009,1.8318910230056165
1772483402.5522718,2026-03-02T20:30:02.552272+00:00,-0.009239004708509654,0.0018576601273363434,0.00022874985144227046,-178.07359437379895,72.07186553285563,1.8232438905563353
1772483402.560086,2026-03-02T20:30:02.560086+00:00,-0.009555784671319555,0.0019507648479462128,0.00020732189854897343,-178.07435560218386,72.07213851227841,1.823043435510233
1772483402.561054,2026-03-02T20:30:02.561054+00:00,-0.00966379214299436,0.001982560829392804,0.00019849663958262405,-178.074308129428,72.07244527730268,1.8234677713955374
1772483402.5951245,2026-03-02T20:30:02.595124+00:00,-0.00982495912298166,0.0020283292754754135,0.0001851433596053161,-178.07377185511106,72.0726894865771,1.8242552180513583
1772483402.5960176,2026-03-02T20:30:02.596018+00:00,-0.009887931830660675,0.002045671147462981,0.00017987086170277993,-178.0734449366713,72.07270117548914,1.8245541113760084
1772483402.5967624,2026-03-02T20:30:02.596762+00:00,-0.00923567626512997,0.0017923450076687381,0.0001925127484555307,-178.0736409349952,72.07380092050151,1.8255165149002457
1772483402.5977151,2026-03-02T20:30:02.597715+00:00,-0.00955561400633796,0.0018733462799068866,0.00015972837220466096,-178.07258037340299,72.07296379116468,1.8262811196032807
1772483402.5982914,2026-03-02T20:30:02.598291+00:00,-0.009672445348850305,0.001901526436608784,0.00014787566899602544,-178.07322093406162,72.07236926435709,1.8252329701762455
1772483402.598698,2026-03-02T20:30:02.598698+00:00,-0.009773630782309096,0.0019255334018676825,0.00013794747328605027,-178.07379654434118,72.0719941411491,1.8242326962461952
1772483402.6393354,2026-03-02T20:30:02.639335+00:00,-0.009888424730320021,0.0019528133807563879,0.00012716222450670102,-178.0747747570277,72.0713385404436,1.8232044323092622
1772483402.6402564,2026-03-02T20:30:02.640256+00:00,-0.009991497400307182,0.0019774494582563535,0.00011779494429316427,-178.07489266518834,72.07088346704928,1.8229717614681296
1772483402.6410995,2026-03-02T20:30:02.641099+00:00,-0.009184867882323422,0.0018221927585230812,0.00023685138139289817,-178.07443268189883,72.07032309316072,1.8225889432045452
1772483402.6417503,2026-03-02T20:30:02.641750+00:00,-0.009456260783052268,0.0018919343845385222,0.00022749447894598702,-178.074428625848,72.069810179712,1.822169333477416
1772483402.642469,2026-03-02T20:30:02.642469+00:00,-0.009567203014604514,0.0019211604316501777,0.0002240825724974914,-178.0748181630693,72.06987541913144,1.8217591035897378
1772483402.6438386,2026-03-02T20:30:02.643839+00:00,-0.009685825374986719,0.001952844555381857,0.0002203045063882653,-178.07416499736595,72.06970598048312,1.822404805022995
1772483402.6537392,2026-03-02T20:30:02.653739+00:00,-0.009842740286567023,0.0019956221696311046,0.00021467493593206642,-178.07235920554302,72.06947036378519,1.8242484923898377
1772483402.6954913,2026-03-02T20:30:02.695491+00:00,-0.009909414326043312,0.0020140650509160173,0.00021193022557572594,-178.07139783630106,72.06947544579076,1.8252584461365506
1772483402.696133,2026-03-02T20:30:02.696133+00:00,-0.010020379155137819,0.0020450059952277226,0.00020667483677572904,-178.07016508736496,72.06945148628766,1.8265912596288962
1772483402.696986,2026-03-02T20:30:02.696986+00:00,-0.010154348161413671,0.00208291022885501,0.00019901667084709323,-178.06945772016832,72.0696504679376,1.8273798473888918
1772483402.698071,2026-03-02T20:30:02.698071+00:00,-0.010292958438840965,0.0021232895719024945,0.000189792355222655,-178.06992320992154,72.07005340330804,1.8270338830088773
1772483402.6991298,2026-03-02T20:30:02.699130+00:00,-0.010365224044530155,0.002144884774942308,0.00018466805091848414,-178.07061575557918,72.07022093622115,1.8264569684150922
1772483402.7389846,2026-03-02T20:30:02.738985+00:00,-0.01046598241835662,0.0021750384605390026,0.0001772694893606226,-178.07137038675862,72.0705551827712,1.8256630541498249
1772483402.7395775,2026-03-02T20:30:02.739578+00:00,-0.010572270370129448,0.0022062996091141017,0.0001693551293358637,-178.0713126958914,72.07083145096429,1.8252782706411221
1772483402.7403166,2026-03-02T20:30:02.740317+00:00,-0.009645907089862741,0.0019760523830528605,0.00019007066541730036,-178.06853065559665,72.07389912881159,1.8304078370332981
1772483402.7406702,2026-03-02T20:30:02.740670+00:00,-0.00998269869855681,0.0020744512053807204,0.0001599444333826605,-178.06673828893605,72.07451258028907,1.8311601992004836
1772483402.7409716,2026-03-02T20:30:02.740972+00:00,-0.010082974673904066,0.002102955523986285,0.00015175575137171802,-178.06609944491575,72.07459914783534,1.8318675117725267
1772483402.7838554,2026-03-02T20:30:02.783855+00:00,-0.009565123286649296,0.001863872270144617,0.00020710656955705658,-178.07122385481156,72.07469264043431,1.8265005038142854
1772483402.784478,2026-03-02T20:30:02.784478+00:00,-0.009909030142586433,0.0019532912703123565,0.0001859674119239745,-178.07111691805204,72.07478444375776,1.8265411281891786
1772483402.7850146,2026-03-02T20:30:02.785015+00:00,-0.010025514028789378,0.0019826770557376167,0.00017860471328107387,-178.07188989757506,72.07463406749555,1.8259644934308692
1772483402.7855926,2026-03-02T20:30:02.785593+00:00,-0.010146358563773479,0.0020124652976133734,0.00017065359094390565,-178.07297424760299,72.07471075750117,1.825270054870264
1772483402.786235,2026-03-02T20:30:02.786235+00:00,-0.010259345477516477,0.0020400367216875507,0.00016261804523944674,-178.07465234596893,72.07511107622845,1.824187894677356
1772483402.827978,2026-03-02T20:30:02.827978+00:00,-0.01036647893984212,0.0020663662632195716,0.00015442772490730677,-178.07570814756568,72.07500791068831,1.8235484157636155
1772483402.8297086,2026-03-02T20:30:02.829709+00:00,-0.010474243580072016,0.0020934510026746466,0.0001456061072903291,-178.07515571895348,72.07478716859582,1.8240199139568902
1772483402.8306427,2026-03-02T20:30:02.830643+00:00,-0.01059594561238491,0.002124735865262909,0.0001346146267206774,-178.07385437167346,72.0752071505071,1.8248881323374697
1772483402.8315084,2026-03-02T20:30:02.831508+00:00,-0.009586799849993999,0.0018467217811095854,0.00021646024602334777,-178.07657217700296,72.07284267020555,1.823494276803052
1772483402.8323252,2026-03-02T20:30:02.832325+00:00,-0.009929727307242798,0.0019351786381068769,0.00018702375858167792,-178.0751250527138,72.07340540020611,1.8246330818781131
1772483402.833055,2026-03-02T20:30:02.833055+00:00,-0.010045064345141224,0.0019659680390728056,0.00017597633977449594,-178.07571859040144,72.0736680505078,1.8240905870677073
1772483402.8728392,2026-03-02T20:30:02.872839+00:00,-0.009358295017141801,0.0018586011833521582,0.00021944895977579355,-178.07288327165315,72.07385446819723,1.826259418639682
1772483402.8748045,2026-03-02T20:30:02.874804+00:00,-0.00968708570318624,0.0019549300512158017,0.00018998295663551782,-178.07339037047947,72.07467632480059,1.8254516822557818
1772483402.8757837,2026-03-02T20:30:02.875784+00:00,-0.009789708065854094,0.0019850637839974737,0.00018161581040009514,-178.07210442575098,72.07465313286981,1.8269491612092381
1772483402.8763642,2026-03-02T20:30:02.876364+00:00,-0.00990847756355505,0.002019344878515867,0.00017269842211280214,-178.07011714993135,72.07490079509456,1.8289556945390608
1772483402.8772068,2026-03-02T20:30:02.877207+00:00,-0.01001685367306585,0.0020498248044875903,0.00016568179821217934,-178.06889303530224,72.07498729370455,1.8301682953596499
1772483402.8788304,2026-03-02T20:30:02.878830+00:00,-0.010129119546624469,0.0020807471889643272,0.00015936434048744987,-178.0685083133763,72.07464563081477,1.8306503368441711
1772483402.882266,2026-03-02T20:30:02.882266+00:00,-0.00926173777470546,0.0017920293058587707,0.00025941443665734913,-178.06680366781453,72.07325337356006,1.8314166895431696
1772483402.9232113,2026-03-02T20:30:02.923211+00:00,-0.009619420059988776,0.0018774476307555584,0.0002547136569638794,-178.06649031835474,72.0718663264653,1.8318435737174812
1772483402.9246585,2026-03-02T20:30:02.924659+00:00,-0.009743574723019953,0.0019057249395358965,0.0002530790060934804,-178.06708435243326,72.07084529924741,1.831535063687781
1772483402.9254348,2026-03-02T20:30:02.925435+00:00,-0.009854907863164113,0.0019304090838153645,0.00025108528805702074,-178.0673239006818,72.07009608773322,1.8314956177590798
1772483402.925945,2026-03-02T20:30:02.925945+00:00,-0.009982363750322982,0.0019575939277024297,0.0002483312066634709,-178.06677460750018,72.06992470141576,1.8321542514251599
1772483402.968463,2026-03-02T20:30:02.968463+00:00,-0.009243720844967185,0.0017727516356216332,0.0002455801406598215,-178.0722449888103,72.06977754149912,1.826656664325805
1772483402.969113,2026-03-02T20:30:02.969113+00:00,-0.009581082765598454,0.001847213907258783,0.0002262365615497325,-178.07116471734992,72.0690794318723,1.8274629734191292
1772483402.9699912,2026-03-02T20:30:02.969991+00:00,-0.009693689677305993,0.0018712916438879549,0.0002182658979839284,-178.07135960265802,72.06896371969513,1.8272585721558927
1772483402.9705586,2026-03-02T20:30:02.970559+00:00,-0.00981697781052747,0.001897905527008329,0.00020897420605121522,-178.0710303766383,72.06886677825649,1.8279380340254943
1772483402.971053,2026-03-02T20:30:02.971053+00:00,-0.009934301383475721,0.0019237879573351189,0.00019984520480445156,-178.06933314755855,72.06898989971911,1.8297223665546518
1772483402.9715347,2026-03-02T20:30:02.971535+00:00,-0.010045673954124654,0.0019489633058118576,0.00019113349688780482,-178.0677858853617,72.0695454505038,1.8311206514834477
1772483403.0119843,2026-03-02T20:30:03.011984+00:00,-0.010144727941809619,0.00197209733067054,0.000183333739532176,-178.06715381914304,72.0702080858121,1.831649951546339
1772483403.0133379,2026-03-02T20:30:03.013338+00:00,-0.00922452953839164,0.0018438485553305464,0.0002441856694230642,-178.0695589310262,72.07348499919482,1.82880614169667
1772483403.0146487,2026-03-02T20:30:03.014649+00:00,-0.009581607676435991,0.0019490640374835676,0.00022241433725155298,-178.06726139039213,72.07554165275833,1.8306805827329646
1772483403.015528,2026-03-02T20:30:03.015528+00:00,-0.009667078515713124,0.001975170248331879,0.00021787574030360745,-178.06759218931248,72.07545775489663,1.8301560411212827
1772483403.0162508,2026-03-02T20:30:03.016251+00:00,-0.00978768945868005,0.0020126164471213474,0.00021228351485576632,-178.06748694270433,72.07537360360033,1.8299340970824711
1772483403.0174768,2026-03-02T20:30:03.017477+00:00,-0.009897513494143194,0.002047321402149414,0.00020767933751887472,-178.06720866350867,72.07522123470916,1.8300749534503118
1772483403.0269008,2026-03-02T20:30:03.026901+00:00,-0.01000931842579794,0.002082878626128566,0.00020322411968233818,-178.06757842468568,72.07488610891743,1.8298405993673161
1772483403.0713015,2026-03-02T20:30:03.071301+00:00,-0.010120207538933551,0.002118016331965177,0.0001990571380574478,-178.06766795784355,72.07473444717962,1.829746363706359
1772483403.0719244,2026-03-02T20:30:03.071924+00:00,-0.009078765206160244,0.001696951198284946,0.00026112434979388597,-178.07228636012488,72.07241816598174,1.8254609864090354
1772483403.0725703,2026-03-02T20:30:03.072570+00:00,-0.009417991034797055,0.0017877674317376925,0.00025023711762687243,-178.07193854498556,72.07210649609192,1.8258448504734939
1772483403.0734665,2026-03-02T20:30:03.073467+00:00,-0.009535284530982997,0.001818326342815327,0.00024618296541497475,-178.07264140035107,72.0719153171946,1.8248643743415403
1772483403.0741167,2026-03-02T20:30:03.074117+00:00,-0.009642429568347252,0.0018456376132184856,0.00024238302564808623,-178.07358488327964,72.07202530740594,1.8236505998440828
1772483403.115193,2026-03-02T20:30:03.115193+00:00,-0.009750922761406879,0.0018724173733611826,0.0002382523584884826,-178.07493241685407,72.07256836410774,1.8224613077550496
1772483403.1159828,2026-03-02T20:30:03.115983+00:00,-0.009914726439171748,0.0019107406201857354,0.00023077355736856632,-178.07685390483184,72.07349992611452,1.8206712377118879
1772483403.1167517,2026-03-02T20:30:03.116752+00:00,-0.009968766299849698,0.0019228282632207992,0.0002279590794443154,-178.07711387932181,72.07371537369417,1.8203036537974648
1772483403.118076,2026-03-02T20:30:03.118076+00:00,-0.010078385714538679,0.001946928160146529,0.00022198073210958946,-178.07640624265477,72.07410480099803,1.8207400960905398
1772483403.1189542,2026-03-02T20:30:03.118954+00:00,-0.01018152134152189,0.0019695237979514375,0.00021614505933480925,-178.0753921981593,72.07429456966108,1.8216969890783734
1772483403.1606445,2026-03-02T20:30:03.160645+00:00,-0.010298653594204827,0.0019955566618016464,0.00020944087413585376,-178.07458887785504,72.07451164764784,1.8227916372438877
1772483403.1613245,2026-03-02T20:30:03.161325+00:00,-0.009373611131523915,0.001748227054875218,0.0002344562694612494,-178.07461459838092,72.07529242085154,1.823502554415024
1772483403.162379,2026-03-02T20:30:03.162379+00:00,-0.009705363295242091,0.0018238101287687313,0.00021267669461684567,-178.07236909196146,72.07592630314184,1.8260700956116878
1772483403.163339,2026-03-02T20:30:03.163339+00:00,-0.00981658614954626,0.0018492684307712362,0.00020707523594615541,-178.0724443609416,72.07566526932796,1.8257223070495299
1772483403.1650653,2026-03-02T20:30:03.165065+00:00,-0.009931998627943998,0.0018760099462203986,0.0002018302701764417,-178.07225443824385,72.07527530085433,1.8258430150666236
1772483403.1682384,2026-03-02T20:30:03.168238+00:00,-0.010039701433275091,0.001901488881807487,0.0001972550650067583,-178.07228327442587,72.0749456437718,1.8260747944723932
1772483403.2030046,2026-03-02T20:30:03.203005+00:00,-0.010158460620796476,0.0019301908031954488,0.0001926432763569261,-178.07318084801526,72.07474649032245,1.8255849612736645
1772483403.2036269,2026-03-02T20:30:03.203627+00:00,-0.010277593245502195,0.0019595969873610394,0.0001886004785702327,-178.0731489425812,72.07461707151757,1.8258675109361442
1772483403.2039778,2026-03-02T20:30:03.203978+00:00,-0.009263098559214042,0.0018409673803633203,0.0002551227305810128,-178.07423786738792,72.0713807354407,1.8245465158636844
1772483403.204366,2026-03-02T20:30:03.204366+00:00,-0.00956676661279882,0.001928891986061068,0.00024796234488096017,-178.0741652358353,72.07162789904933,1.8245479305432422
1772483403.2048857,2026-03-02T20:30:03.204886+00:00,-0.009681909201400522,0.001963578056616635,0.00024505134670988154,-178.07522774396145,72.07170117695068,1.823627604503492
1772483403.2096233,2026-03-02T20:30:03.209623+00:00,-0.009786951018886863,0.00199559221726881,0.00024178002446425192,-178.0758826868069,72.07152849459605,1.822868301089687
1772483403.2247918,2026-03-02T20:30:03.224792+00:00,-0.009942653235267171,0.0020431020690716037,0.0002354186675673224,-178.0763757264183,72.07131596373142,1.8224045263647415
1772483403.26773,2026-03-02T20:30:03.267730+00:00,-0.01001565711731329,0.0020652678415405586,0.00023187157674954754,-178.0767487713374,72.07124090845467,1.8221127788755973
1772483403.2694364,2026-03-02T20:30:03.269436+00:00,-0.009498400191331491,0.001878950572302171,0.00023347459235024913,-178.07543803783403,72.0725842997162,1.8231146063509978
1772483403.2712243,2026-03-02T20:30:03.271224+00:00,-0.009779309525549836,0.001959204063577174,0.00021291685723280187,-178.0759931117524,72.07308034841797,1.8226426998008198
1772483403.2721086,2026-03-02T20:30:03.272109+00:00,-0.009942473923765278,0.0020050875605138493,0.0001991230649957208,-178.07625998816457,72.07371237263355,1.8224198763551607
1772483403.2728205,2026-03-02T20:30:03.272820+00:00,-0.010073604970795335,0.0020413543534708875,0.00018752341220167748,-178.0758302625915,72.07408658619065,1.822646292240233
1772483403.273556,2026-03-02T20:30:03.273556+00:00,-0.010120976280846577,0.0020542853978578334,0.00018337169845328118,-178.07529523500997,72.07421902664129,1.822980328320519
1772483403.311119,2026-03-02T20:30:03.311119+00:00,-0.009245605973145858,0.0017694400070185788,0.00024838472342825186,-178.07244077004415,72.07402771201401,1.825674969309766
1772483403.3117394,2026-03-02T20:30:03.311739+00:00,-0.009544350059125755,0.0018422951377868016,0.00023059477399657734,-178.06870394938377,72.07473219124469,1.828179994516208
1772483403.3122387,2026-03-02T20:30:03.312239+00:00,-0.009658971857538435,0.0018697580170783307,0.00022422203399534367,-178.06731162410878,72.07511859486418,1.8291015995318263
1772483403.3132117,2026-03-02T20:30:03.313212+00:00,-0.009774990864049208,0.0018976153296495538,0.00021752657747000005,-178.06701739702996,72.07499441264615,1.8293718626802713
1772483403.314221,2026-03-02T20:30:03.314221+00:00,-0.009887993282314173,0.0019245593105476824,0.00021024201859427236,-178.06661457686525,72.0743933974744,1.8302922850842849
1772483403.3195627,2026-03-02T20:30:03.319563+00:00,-0.009241949491677531,0.0018108641074296539,0.00025870297889080444,-178.06794434427476,72.07324739443963,1.828820181778698
1772483403.326344,2026-03-02T20:30:03.326344+00:00,-0.009587085308788953,0.0018989314885784886,0.0002397637852856427,-178.06569954276924,72.07158552780781,1.8326016544283728
1772483403.3706467,2026-03-02T20:30:03.370647+00:00,-0.009714247224088238,0.001932153467412491,0.00023209789747851976,-178.0653955266556,72.07119706836838,1.8330083745766046
1772483403.374137,2026-03-02T20:30:03.374137+00:00,-0.009856558266239808,0.0019700756879857052,0.00022367048051505047,-178.06540879241516,72.07104334264375,1.8330437223369023
1772483403.3758025,2026-03-02T20:30:03.375803+00:00,-0.009922613101076453,0.0019879558581916267,0.0002198387567440509,-178.06506819638858,72.07109888864544,1.833356255457122
1772483403.3856566,2026-03-02T20:30:03.385657+00:00,-0.010031198253938937,0.002017787658434054,0.00021327958503030594,-178.06467702495678,72.0710892502187,1.8332790708908449
1772483403.4141417,2026-03-02T20:30:03.414142+00:00,-0.010177525611861393,0.0020583288254801416,0.00020369344703164102,-178.06358186023036,72.0713617702098,1.8335195082255684
1772483403.4153721,2026-03-02T20:30:03.415372+00:00,-0.010254393854917934,0.002079582215139283,0.00019836337678727845,-178.06304133651386,72.07162867754727,1.8338228847642086
1772483403.4180663,2026-03-02T20:30:03.418066+00:00,-0.01036810536332413,0.002110854722738988,0.00019018819137110618,-178.06275569935335,72.07187916536866,1.8337711259427312
1772483403.418957,2026-03-02T20:30:03.418957+00:00,-0.009419174836461788,0.0018019872134223366,0.00025070620594868953,-178.0709159251897,72.07266239825242,1.8258347986113947
1772483403.4219184,2026-03-02T20:30:03.421918+00:00,-0.009792855788580914,0.0019048418401627115,0.00022866524416102375,-178.07279296535438,72.073281772001,1.8233995659906383
1772483403.461557,2026-03-02T20:30:03.461557+00:00,-0.009895000308212429,0.0019329959701480607,0.00022258015104663681,-178.07331813978604,72.073474953114,1.8228138953611894
1772483403.4646509,2026-03-02T20:30:03.464651+00:00,-0.009990497490752826,0.001958644938900649,0.00021690322525732953,-178.07274145512187,72.0738849732042,1.8235806634393847
1772483403.469224,2026-03-02T20:30:03.469224+00:00,-0.010105635523996619,0.001988621746167785,0.00021003452533052932,-178.0723157209867,72.0743055193896,1.824374813936407
1772483403.469987,2026-03-02T20:30:03.469987+00:00,-0.009530617375463048,0.0017748447653507665,0.00024812650476217573,-178.0741066588796,72.0737186546005,1.8236010635782265
1772483403.4704952,2026-03-02T20:30:03.470495+00:00,-0.00987741021082819,0.0018571896847140385,0.00022971310600824598,-178.0750864226042,72.07396517268958,1.8235636377065012
1772483403.4713109,2026-03-02T20:30:03.471311+00:00,-0.010066660554316298,0.0019008067719703337,0.0002191680099880557,-178.075491417392,72.07305705349135,1.8233285148761063
1772483403.5010874,2026-03-02T20:30:03.501087+00:00,-0.010128469252996113,0.0019148315620742087,0.00021557652537998147,-178.0756525973882,72.07287740800997,1.8232009810708931
1772483403.5020208,2026-03-02T20:30:03.502021+00:00,-0.010229931567267533,0.0019378712524223713,0.00020971209500130844,-178.07575309024276,72.07290150778968,1.8231304715820054
1772483403.5027323,2026-03-02T20:30:03.502732+00:00,-0.010339794785612562,0.001963299619683644,0.0002033364513561083,-178.07585002734868,72.07337977765005,1.8231032759060557
1772483403.5033863,2026-03-02T20:30:03.503386+00:00,-0.009290781676384294,0.001770193050587046,0.00025819522386396265,-178.074969017929,72.07100891620708,1.8242286194888166
1772483403.5047286,2026-03-02T20:30:03.504729+00:00,-0.009647057146296925,0.00186110848062473,0.00023908083179293457,-178.07618412007784,72.07124081352407,1.823752956337838
1772483403.5060387,2026-03-02T20:30:03.506039+00:00,-0.009736809347444057,0.001883392574458493,0.00023394564906744465,-178.07657623850494,72.07085039790174,1.8238341238658156
1772483403.5438488,2026-03-02T20:30:03.543849+00:00,-0.009876835067994347,0.0019199756926187486,0.00022578109999306153,-178.07732239940816,72.0703788135741,1.8236787471888047
1772483403.5443518,2026-03-02T20:30:03.544352+00:00,-0.009342830283319286,0.0018135971616310813,0.00026033021229568724,-178.07505136032785,72.07217362110313,1.8246470776343107
1772483403.5447094,2026-03-02T20:30:03.544709+00:00,-0.009735671618640699,0.0019265072493221515,0.00024008910101563783,-178.0782322844895,72.07132558803109,1.8221579572866413
1772483403.5450685,2026-03-02T20:30:03.545069+00:00,-0.009788896874788434,0.001942108502580128,0.00023765912427880424,-178.07864633824414,72.07144505944233,1.8218507464431761
1772483403.5454957,2026-03-02T20:30:03.545496+00:00,-0.009897231882961306,0.0019732884615366294,0.00023303800836247044,-178.0787330305466,72.07196103250989,1.8220567549564959
1772483403.5573559,2026-03-02T20:30:03.557356+00:00,-0.009370703602712619,0.0018559684245895356,0.0002617197285012669,-178.07738930180085,72.07159050615451,1.8220137514307808
1772483403.5583112,2026-03-02T20:30:03.558311+00:00,-0.009672414781619506,0.0019411736219800478,0.0002505770420071007,-178.0774837443824,72.07270529651295,1.8227252401054468
